1,289,122.021066,0.0,0.6286449008803072,nan,0.6286449008803072,nan,nan,nan,nan,0,5
1,290,121.81660756975477,0.0,1.8170361948433191,nan,1.8170361948433191,nan,nan,nan,nan,0,10
1,291,121.37272598105137,0.0,0.6254907897752948,nan,0.6254907897752948,nan,nan,nan,nan,0,15
1,292,120.836735099772,0.0,6.700626265117126,nan,6.700626265117126,nan,nan,nan,nan,0,20
1,293,120.28116758339347,0.0,4.407191688712179,nan,4.407191688712179,nan,nan,nan,nan,0,25
1,294,119.7452399153349,0.0,1.074615561032046,nan,1.074615561032046,nan,nan,nan,nan,0,30
1,295,119.25201570858421,0.0,0.022528672947229628,nan,0.022528672947229628,nan,nan,nan,nan,0,35
1,296,118.815859536796,0.0,7.556808572175127,nan,7.556808572175127,nan,nan,nan,nan,0,40
1,297,118.44592198694133,0.0,0.09900086789085089,nan,0.09900086789085089,nan,nan,nan,nan,0,45
1,298,118.14792918517182,0.0,0.46873439976440756,nan,0.46873439976440756,nan,nan,nan,nan,0,50
1,299,117.92515554749467,0.0,5.90563357865165,nan,5.90563357865165,nan,nan,nan,nan,0,55
1,300,117.77900417856611,0.0,0.09350139401171124,nan,0.09350139401171124,nan,nan,nan,nan,0,0
1,301,117.70940193483426,0.0,4.650523214217611,nan,4.650523214217611,nan,nan,nan,nan,1,5
1,302,117.71502530794136,0.0,0.32976651248005795,nan,0.32976651248005795,nan,nan,nan,nan,1,10
1,303,117.79349698155822,0.0,0.11378277601369406,nan,0.11378277601369406,nan,nan,nan,nan,1,15
1,304,117.94159385779305,0.0,4.6599389932371444,nan,4.6599389932371444,nan,nan,nan,nan,1,20
1,305,118.15542249923433,0.0,0.29513864948304724,nan,0.29513864948304724,nan,nan,nan,nan,1,25
1,306,118.43057573972625,0.0,0.1718064758955417,nan,0.1718064758955417,nan,nan,nan,nan,1,30
1,307,118.76223813351783,0.0,0.2919784997281093,nan,0.2919784997281093,nan,nan,nan,nan,1,35
1,308,119.14526591155983,0.0,0.12601268654197162,nan,0.12601268654197162,nan,nan,nan,nan,1,40
1,309,119.57427536156949,0.0,1.3268490025427526,nan,1.3268490025427526,nan,nan,nan,nan,1,45
1,310,120.04372074169913,0.0,1.2549741478022853,nan,1.2549741478022853,nan,nan,nan,nan,1,50
1,311,120.54795250985246,0.0,0.844276101429722,nan,0.844276101429722,nan,nan,nan,nan,1,55
1,312,121.08126190562675,0.0,1.3597429541793447,nan,1.3597429541793447,nan,nan,nan,nan,1,0
1,313,121.63807638970783,0.0,0.26659880843117084,nan,0.26659880843117084,nan,nan,nan,nan,2,5
1,314,122.21322966322639,0.0,1.6298698669729643,nan,1.6298698669729643,nan,nan,nan,nan,2,10
1,315,122.8030323244698,0.0,0.872065683297206,nan,0.872065683297206,nan,nan,nan,nan,2,15
1,316,123.40566692127479,0.0,1.5418167083288696,nan,1.5418167083288696,nan,nan,nan,nan,2,20
1,317,124.01995419499197,0.0,0.061796198089803744,nan,0.061796198089803744,nan,nan,nan,nan,2,25
1,318,124.64474247939597,0.0,0.1770931942813087,nan,0.1770931942813087,nan,nan,nan,nan,2,30
1,319,125.27868019980455,0.0,1.010931680509976,nan,1.010931680509976,nan,nan,nan,nan,2,35
1,320,125.92014337090926,0.0,0.22209910420985413,nan,0.22209910420985413,nan,nan,nan,nan,2,40
1,321,126.56722535651355,0.0,0.0950941173040149,nan,0.0950941173040149,nan,nan,nan,nan,2,45
1,322,127.21774280805967,0.0,0.3285201916431597,nan,0.3285201916431597,nan,nan,nan,nan,2,50
1,323,127.86924493214379,0.0,3.6741819320458937,nan,3.6741819320458937,nan,nan,nan,nan,2,55
1,324,128.51902495159797,0.0,1.8583764511109808,nan,1.8583764511109808,nan,nan,nan,nan,2,0
1,325,129.16412731728047,0.0,0.524022796704247,nan,0.524022796704247,nan,nan,nan,nan,3,5
1,326,129.8013977399744,0.0,0.45644452408464375,nan,0.45644452408464375,nan,nan,nan,nan,3,10
1,327,130.4283715845985,0.0,0.36835743728191794,nan,0.36835743728191794,nan,nan,nan,nan,3,15
1,328,131.0438557061039,0.0,0.04106534191858344,nan,0.04106534191858344,nan,nan,nan,nan,3,20
1,329,131.64733590892078,0.0,0.8267940022118361,nan,0.8267940022118361,nan,nan,nan,nan,3,25
1,330,132.23863838623157,0.0,0.6043050201219762,nan,0.6043050201219762,nan,nan,nan,nan,3,30
1,331,132.81777467399664,0.0,13.311651097724166,nan,13.311651097724166,nan,nan,nan,nan,3,35
1,332,133.3848648411623,0.0,0.11872583475259793,nan,0.11872583475259793,nan,nan,nan,nan,3,40
1,333,133.94009272968225,0.0,0.06985220142505844,nan,0.06985220142505844,nan,nan,nan,nan,3,45
1,334,134.48366701932648,0.0,0.2675776778402219,nan,0.2675776778402219,nan,nan,nan,nan,3,50
1,335,135.01579568839793,0.0,4.688475803414203,nan,4.688475803414203,nan,nan,nan,nan,3,55
1,336,135.53668482945787,0.0,1.811201833809517,nan,1.811201833809517,nan,nan,nan,nan,3,0
1,337,136.04654240431506,0.0,0.07124363585905381,nan,0.07124363585905381,nan,nan,nan,nan,4,5
1,338,136.54556779797284,0.0,0.2597886500882341,nan,0.2597886500882341,nan,nan,nan,nan,4,10
1,339,137.0339371714445,0.0,0.7654794612882164,nan,0.7654794612882164,nan,nan,nan,nan,4,15
1,340,137.51180546279969,0.0,0.345110494812548,nan,0.345110494812548,nan,nan,nan,nan,4,20
1,341,137.9793181528214,0.0,7.184272071673535,nan,7.184272071673535,nan,nan,nan,nan,4,25
1,342,138.43662093959824,0.0,0.19609488072445405,nan,0.19609488072445405,nan,nan,nan,nan,4,30
1,343,138.88386361098796,0.0,0.6351070367744112,nan,0.6351070367744112,nan,nan,nan,nan,4,35
1,344,139.3211904155282,0.0,32.136105430835826,nan,32.136105430835826,nan,nan,nan,nan,4,40
1,345,139.7487308554689,0.0,0.09438999908927867,nan,0.09438999908927867,nan,nan,nan,nan,4,45
1,346,140.16660255770435,0.0,0.5173473612198944,nan,0.5173473612198944,nan,nan,nan,nan,4,50
1,347,140.5749060568609,0.0,0.7139999076399595,nan,0.7139999076399595,nan,nan,nan,nan,4,55
1,348,140.9737209534988,0.0,0.2499173255669529,nan,0.2499173255669529,nan,nan,nan,nan,4,0
1,349,141.36311557033366,0.0,0.6927362571912966,nan,0.6927362571912966,nan,nan,nan,nan,5,5
1,350,141.74315795034732,0.0,0.9902831409899575,nan,0.9902831409899575,nan,nan,nan,nan,5,10
1,351,142.11392473533954,0.0,0.2870239803873294,nan,0.2870239803873294,nan,nan,nan,nan,5,15
1,352,142.47550708997977,0.0,0.11614022001658686,nan,0.11614022001658686,nan,nan,nan,nan,5,20
1,353,142.82801262145935,0.0,0.5007304791898316,nan,0.5007304791898316,nan,nan,nan,nan,5,25
1,354,143.17156670929495,0.0,2.4141695173509756,nan,2.4141695173509756,nan,nan,nan,nan,5,30
1,355,143.50631514186327,0.0,0.8927912497690436,nan,0.8927912497690436,nan,nan,nan,nan,5,35
1,356,143.8324245149603,0.0,1.6784591591492606,nan,1.6784591591492606,nan,nan,nan,nan,5,40
1,357,144.15007557683091,0.0,1.1233147259734364,nan,1.1233147259734364,nan,nan,nan,nan,5,45
1,358,144.4594546284465,0.0,0.17295400767826793,nan,0.17295400767826793,nan,nan,nan,nan,5,50
1,359,144.7607478588787,0.0,0.19308108713640817,nan,0.19308108713640817,nan,nan,nan,nan,5,55
1,360,145.05413793665147,0.0,18.308392074220286,nan,18.308392074220286,nan,nan,nan,nan,5,0
1,361,145.33980556658784,0.0,0.7395865262663028,nan,0.7395865262663028,nan,nan,nan,nan,6,5
1,362,145.62055459418207,0.0,0.06000092358406577,nan,0.06000092358406577,nan,nan,nan,nan,6,10
1,363,145.93102296381844,0.0,0.09699335783792423,nan,0.09699335783792423,nan,nan,nan,nan,6,15
1,364,146.49259452244348,0.0,2.406771971757789,nan,2.406771971757789,nan,nan,nan,nan,6,20
1,365,147.98524983865414,0.0,0.09655497615917288,nan,0.09655497615917288,nan,nan,nan,nan,6,25
1,366,150.91837985969548,0.0,0.22513287594603298,nan,0.22513287594603298,nan,nan,nan,nan,6,30
1,367,155.31466282125777,0.0,2.7338738598809953,nan,2.7338738598809953,nan,nan,nan,nan,6,35
1,368,160.84720167986939,0.0,0.016773131395125592,nan,0.016773131395125592,nan,nan,nan,nan,6,40
1,369,166.9854522260365,0.0,0.053529647381407836,nan,0.053529647381407836,nan,nan,nan,nan,6,45
1,370,173.14252911962453,0.0,1.1579061111448337,nan,1.1579061111448337,nan,nan,nan,nan,6,50
1,371,178.84967907613387,0.0,0.785885868539514,nan,0.785885868539514,nan,nan,nan,nan,6,55
1,372,183.85805485060706,0.0,3.9982387184678996,nan,3.9982387184678996,nan,nan,nan,nan,6,0
1,373,188.11418230118844,0.0,0.016773131395125592,nan,0.016773131395125592,nan,nan,nan,nan,7,5
1,374,191.68080959997897,0.0,0.24402746912603168,nan,0.24402746912603168,nan,nan,nan,nan,7,10
1,375,194.66707856104398,0.0,2.1573524142894165,nan,2.1573524142894165,nan,nan,nan,nan,7,15
1,376,197.18528634798724,0.0,0.4286181827677821,nan,0.4286181827677821,nan,nan,nan,nan,7,20
1,377,199.33173303351273,0.0,1.389973476807613,nan,1.389973476807613,nan,nan,nan,nan,7,25
1,378,201.1816326232289,0.0,3.0493506317714933,nan,3.0493506317714933,nan,nan,nan,nan,7,30
1,379,202.79058896501326,0.0,1.2428017075447537,nan,1.2428017075447537,nan,nan,nan,nan,7,35
1,380,204.19837085134893,0.0,0.03164913450541013,nan,0.03164913450541013,nan,nan,nan,nan,7,40
1,381,205.43293152463139,0.0,1.9215790651103648,nan,1.9215790651103648,nan,nan,nan,nan,7,45
1,382,206.51386681521615,0.0,1.8578335463382847,nan,1.8578335463382847,nan,nan,nan,nan,7,50
1,383,207.45511117645543,0.0,0.212559539484157,nan,0.212559539484157,nan,nan,nan,nan,7,55
1,384,208.26691345304678,0.0,2.722522493410402,nan,2.722522493410402,nan,nan,nan,nan,7,0
1,385,208.95722441452992,0.0,0.14896351492375792,nan,0.14896351492375792,nan,nan,nan,nan,8,5
1,386,209.53260767353825,0.0,0.34527917042484874,nan,0.34527917042484874,nan,nan,nan,nan,8,10
1,387,209.99858789407898,0.0,6.670010608238388,nan,6.670010608238388,nan,nan,nan,nan,8,15
1,388,210.35999038739743,0.0,2.1585715178027898,nan,2.1585715178027898,nan,nan,nan,nan,8,20
1,389,210.6214845384595,0.0,1.2521330863096105,nan,1.2521330863096105,nan,nan,nan,nan,8,25
1,390,210.78794579638517,0.0,3.2963855048766026,nan,3.2963855048766026,nan,nan,nan,nan,8,30
1,391,210.86362686386224,0.0,0.1514481388196688,nan,0.1514481388196688,nan,nan,nan,nan,8,35
1,392,210.85009389621956,0.0,0.09742720245522121,nan,0.09742720245522121,nan,nan,nan,nan,8,40
1,393,210.74619586511383,0.0,0.3322186597451625,nan,0.3322186597451625,nan,nan,nan,nan,8,45
1,394,210.55121939702855,0.0,0.6731445426742645,nan,0.6731445426742645,nan,nan,nan,nan,8,50
1,395,210.2695367726064,0.0,0.3566525693981888,nan,0.3566525693981888,nan,nan,nan,nan,8,55
1,396,209.9130188755211,0.0,0.536083332091427,nan,0.536083332091427,nan,nan,nan,nan,8,0
1,397,209.50120103806518,0.0,0.13554630040377671,nan,0.13554630040377671,nan,nan,nan,nan,9,5
1,398,209.06074077172306,0.0,0.6491484053070689,nan,0.6491484053070689,nan,nan,nan,nan,9,10
1,399,208.62443624160247,0.0,1.0425705681393578,nan,1.0425705681393578,nan,nan,nan,nan,9,15
1,400,208.22855019174034,0.0,4.18052529272529,nan,4.18052529272529,nan,nan,nan,nan,9,20
1,401,207.9053028259155,0.0,0.2919790914400506,nan,0.2919790914400506,nan,nan,nan,nan,9,25
1,402,207.66805328630824,0.0,4.7657518326099355,nan,4.7657518326099355,nan,nan,nan,nan,9,30
1,403,207.49793420508587,0.0,5.521818644246358,nan,5.521818644246358,nan,nan,nan,nan,9,35
1,404,207.34493416498051,0.0,3.172537606584477,nan,3.172537606584477,nan,nan,nan,nan,9,40
1,405,207.1411559222922,0.0,0.12406723428913266,nan,0.12406723428913266,nan,nan,nan,nan,9,45
1,406,206.81561696987544,0.0,0.06350840386980938,nan,0.06350840386980938,nan,nan,nan,nan,9,50
1,407,206.3067099110782,0.0,0.6226339894606426,nan,0.6226339894606426,nan,nan,nan,nan,9,55
1,408,205.5720756353434,0.0,0.21427123272568,nan,0.21427123272568,nan,nan,nan,nan,9,0
1,409,204.5931638980376,0.0,0.04115166937235425,nan,0.04115166937235425,nan,nan,nan,nan,10,5
1,410,203.37292551355475,0.0,0.08875633095088983,nan,0.08875633095088983,nan,nan,nan,nan,10,10
1,411,201.93050871552347,0.0,0.521733411004531,nan,0.521733411004531,nan,nan,nan,nan,10,15
1,412,200.29628801993277,0.0,1.3706080959358604,nan,1.3706080959358604,nan,nan,nan,nan,10,20
1,413,198.50755174066256,0.0,0.24516700112661005,nan,0.24516700112661005,nan,nan,nan,nan,10,25
1,414,196.60423667672566,0.0,0.5878195144061903,nan,0.5878195144061903,nan,nan,nan,nan,10,30
1,415,194.6247122352149,0.0,0.8550730197685423,nan,0.8550730197685423,nan,nan,nan,nan,10,35
1,416,192.60348692496774,0.0,3.7668322559133194,nan,3.7668322559133194,nan,nan,nan,nan,10,40
1,417,190.57055718628746,0.0,0.7196920902202891,nan,0.7196920902202891,nan,nan,nan,nan,10,45
1,418,188.55192896719737,0.0,0.7600273250650891,nan,0.7600273250650891,nan,nan,nan,nan,10,50
1,419,186.56575619492122,0.0,0.5223372427978595,nan,0.5223372427978595,nan,nan,nan,nan,10,55
1,420,184.62167258451825,0.0,3.8426876564059325,nan,3.8426876564059325,nan,nan,nan,nan,10,0
1,421,182.7251192308301,0.0,0.1659589437849046,nan,0.1659589437849046,nan,nan,nan,nan,11,5
1,422,180.8802066457405,0.0,0.8725333352454325,nan,0.8725333352454325,nan,nan,nan,nan,11,10
1,423,179.08762956840357,0.0,5.0552174619368015,nan,5.0552174619368015,nan,nan,nan,nan,11,15
1,424,177.344666537065,0.0,0.41984129880980153,nan,0.41984129880980153,nan,nan,nan,nan,11,20
1,425,175.6478361578535,0.0,0.4844434780870992,nan,0.4844434780870992,nan,nan,nan,nan,11,25
1,426,173.98972914586307,0.0,0.016773131395125592,nan,0.016773131395125592,nan,nan,nan,nan,11,30
1,427,172.35903418171026,0.0,0.14093363660371241,nan,0.14093363660371241,nan,nan,nan,nan,11,35
1,428,170.74669010498638,0.0,0.20331637610327158,nan,0.20331637610327158,nan,nan,nan,nan,11,40
1,429,169.15003550341928,0.0,3.414186278611404,nan,3.414186278611404,nan,nan,nan,nan,11,45
1,430,167.57371618014363,0.0,1.0662656107440456,nan,1.0662656107440456,nan,nan,nan,nan,11,50
1,431,166.02761604856414,0.0,0.17756722408969774,nan,0.17756722408969774,nan,nan,nan,nan,11,55
1,432,164.52064475411612,0.0,0.7925556627822765,nan,0.7925556627822765,nan,nan,nan,nan,11,0
1,433,163.05718112880365,0.0,0.31074077237421904,nan,0.31074077237421904,nan,nan,nan,nan,12,5
1,434,161.62898949349537,0.0,0.34699309329897926,nan,0.34699309329897926,nan,nan,nan,nan,12,10
1,435,160.17564399623592,0.0,0.18406030475475496,nan,0.18406030475475496,nan,nan,nan,nan,12,15
1,436,158.67861831220853,0.0,1.2726435286343343,nan,1.2726435286343343,nan,nan,nan,nan,12,20
1,437,157.1788583015828,0.0,0.03383235855592988,nan,0.03383235855592988,nan,nan,nan,nan,12,25
1,438,155.72423810138386,0.0,2.2300052007332916,nan,2.2300052007332916,nan,nan,nan,nan,12,30
1,439,154.34647879981497,0.0,0.1364301892393234,nan,0.1364301892393234,nan,nan,nan,nan,12,35
1,440,153.05924346556662,0.0,1.0432178541415162,nan,1.0432178541415162,nan,nan,nan,nan,12,40
1,441,151.86368582127508,0.0,36.83948315323983,nan,36.83948315323983,nan,nan,nan,nan,12,45
1,442,150.75402274282018,0.0,0.19456398748954778,nan,0.19456398748954778,nan,nan,nan,nan,12,50
1,443,149.7214240536469,0.0,0.14883610370534772,nan,0.14883610370534772,nan,nan,nan,nan,12,55
1,444,148.7563105302939,0.0,1.1298033009006927,nan,1.1298033009006927,nan,nan,nan,nan,12,0
1,445,147.8495596874044,0.0,0.38046694351846155,nan,0.38046694351846155,nan,nan,nan,nan,13,5
1,446,146.9930651389557,0.0,0.25768038120409337,nan,0.25768038120409337,nan,nan,nan,nan,13,10
1,447,146.17991784623598,0.0,0.39238130786348957,nan,0.39238130786348957,nan,nan,nan,nan,13,15
1,448,145.4043856183166,0.0,0.5370567379954648,nan,0.5370567379954648,nan,nan,nan,nan,13,20
1,449,144.6618030263906,0.0,0.1047354701970798,nan,0.1047354701970798,nan,nan,nan,nan,13,25
1,450,143.94842815130514,0.0,10.763346214883372,nan,10.763346214883372,nan,nan,nan,nan,13,30
1,451,143.2612947905707,0.0,0.44636994877394165,nan,0.44636994877394165,nan,nan,nan,nan,13,35
1,452,142.59807262874762,0.0,0.7690141320298671,nan,0.7690141320298671,nan,nan,nan,nan,13,40
1,453,141.95692230736884,0.0,1.6414948392846131,nan,1.6414948392846131,nan,nan,nan,nan,13,45
1,454,141.33636855915222,0.0,1.3760698178196589,nan,1.3760698178196589,nan,nan,nan,nan,13,50
1,455,140.7352176407712,0.0,2.137802001581956,nan,2.137802001581956,nan,nan,nan,nan,13,55
1,456,140.15249395096197,0.0,0.12143509299907598,nan,0.12143509299907598,nan,nan,nan,nan,13,0
1,457,139.58738541539196,0.0,0.03784652030564294,nan,0.03784652030564294,nan,nan,nan,nan,14,5
1,458,139.03919791632663,0.0,17.92955069805846,nan,17.92955069805846,nan,nan,nan,nan,14,10
1,459,138.50732778797496,0.0,0.08590802021393727,nan,0.08590802021393727,nan,nan,nan,nan,14,15
1,460,137.9912498925495,0.0,0.20561606450431993,nan,0.20561606450431993,nan,nan,nan,nan,14,20
1,461,137.49048693494123,0.0,0.9838930020266525,nan,0.9838930020266525,nan,nan,nan,nan,14,25
1,462,137.00458073033627,0.0,0.450185648654145,nan,0.450185648654145,nan,nan,nan,nan,14,30
1,463,136.53309478559967,0.0,2.3375366628117,nan,2.3375366628117,nan,nan,nan,nan,14,35
1,464,136.07562261826752,0.0,0.40363601337227994,nan,0.40363601337227994,nan,nan,nan,nan,14,40
1,465,135.63179136446817,0.0,4.150000752973767,nan,4.150000752973767,nan,nan,nan,nan,14,45
1,466,135.20125596693472,0.0,0.8487252711804915,nan,0.8487252711804915,nan,nan,nan,nan,14,50
1,467,134.7836894606605,0.0,1.4727311546617088,nan,1.4727311546617088,nan,nan,nan,nan,14,55
1,468,134.37876462726885,0.0,0.05273842257643709,nan,0.05273842257643709,nan,nan,nan,nan,14,0
1,469,133.9861368124375,0.0,4.621817939834478,nan,4.621817939834478,nan,nan,nan,nan,15,5
1,470,133.60571683927594,0.0,1.7363595551640003,nan,1.7363595551640003,nan,nan,nan,nan,15,10
1,471,133.23852051040353,0.0,0.1932972922473791,nan,0.1932972922473791,nan,nan,nan,nan,15,15
1,472,132.88315054583268,0.0,0.17702183185221737,nan,0.17702183185221737,nan,nan,nan,nan,15,20
1,473,132.5314885422409,0.0,0.1753535175372835,nan,0.1753535175372835,nan,nan,nan,nan,15,25
1,474,132.1724156255251,0.0,1.0080016075238862,nan,1.0080016075238862,nan,nan,nan,nan,15,30
1,475,131.79863592459392,0.0,0.4891453560382787,nan,0.4891453560382787,nan,nan,nan,nan,15,35
1,476,131.4096991359628,0.0,0.9240808488842145,nan,0.9240808488842145,nan,nan,nan,nan,15,40
1,477,131.01084352534926,0.0,0.3900325645498104,nan,0.3900325645498104,nan,nan,nan,nan,15,45
1,478,130.61069730698335,0.0,1.6897621976727317,nan,1.6897621976727317,nan,nan,nan,nan,15,50
1,479,130.21948211294142,0.0,0.09878468244163263,nan,0.09878468244163263,nan,nan,nan,nan,15,55
1,480,129.84695346470906,0.0,0.7008877462755478,nan,0.7008877462755478,nan,nan,nan,nan,15,0
1,481,129.49945648083812,0.0,0.1800255641639781,nan,0.1800255641639781,nan,nan,nan,nan,16,5
1,482,129.17937922217757,0.0,6.559591535794622,nan,6.559591535794622,nan,nan,nan,nan,16,10
1,483,128.88635040094243,0.0,0.06514461186300882,nan,0.06514461186300882,nan,nan,nan,nan,16,15
1,484,128.61848884408963,0.0,1.3415841734968366,nan,1.3415841734968366,nan,nan,nan,nan,16,20
1,485,128.3732618629278,0.0,0.8032626229564022,nan,0.8032626229564022,nan,nan,nan,nan,16,25
1,486,128.1479909221492,0.0,0.061497129673101725,nan,0.061497129673101725,nan,nan,nan,nan,16,30
1,487,127.9401329978733,0.0,0.21596728095067214,nan,0.21596728095067214,nan,nan,nan,nan,16,35
1,488,127.74741336171572,0.0,0.7276137345792884,nan,0.7276137345792884,nan,nan,nan,nan,16,40
1,489,127.56787648020148,0.0,1.5499586406263766,nan,1.5499586406263766,nan,nan,nan,nan,16,45
1,490,127.39989258392966,0.0,0.23891561627553334,nan,0.23891561627553334,nan,nan,nan,nan,16,50
1,491,127.24213483531784,0.0,0.6416561949686936,nan,0.6416561949686936,nan,nan,nan,nan,16,55
1,492,127.09353767812301,0.0,0.8115693416512035,nan,0.8115693416512035,nan,nan,nan,nan,16,0
1,493,126.95325517418966,0.0,1.6030803301094976,nan,1.6030803301094976,nan,nan,nan,nan,17,5
1,494,126.8206277057253,0.0,0.12761396809129047,nan,0.12761396809129047,nan,nan,nan,nan,17,10
1,495,126.69515002951566,0.0,0.03808741212354714,nan,0.03808741212354714,nan,nan,nan,nan,17,15
1,496,126.57643804976026,0.0,1.1480731725581699,nan,1.1480731725581699,nan,nan,nan,nan,17,20
1,497,126.46420434247197,0.0,0.0528862333964297,nan,0.0528862333964297,nan,nan,nan,nan,17,25
1,498,126.35824681943586,0.0,0.26937416591261887,nan,0.26937416591261887,nan,nan,nan,nan,17,30
1,499,126.2584366598532,0.0,0.5837469982145276,nan,0.5837469982145276,nan,nan,nan,nan,17,35
1,500,126.16470672143471,0.0,0.29761674963236096,nan,0.29761674963236096,nan,nan,nan,nan,17,40
1,501,126.07704531260185,0.0,12.51296472087204,nan,12.51296472087204,nan,nan,nan,nan,17,45
1,502,125.99548896230606,0.0,8.760740159711858,nan,8.760740159711858,nan,nan,nan,nan,17,50
1,503,125.9201097204334,0.0,0.44696301147573364,nan,0.44696301147573364,nan,nan,nan,nan,17,55
1,504,125.85097434495663,0.0,0.4251871459731936,nan,0.4251871459731936,nan,nan,nan,nan,17,0
1,505,125.7880817901323,0.0,3.17814401476679,nan,3.17814401476679,nan,nan,nan,nan,18,5
1,506,125.73133638821696,0.0,0.8723665646095358,nan,0.8723665646095358,nan,nan,nan,nan,18,10
1,507,125.6805628714228,0.0,0.5237095489467408,nan,0.5237095489467408,nan,nan,nan,nan,18,15
1,508,125.63551738480479,0.0,0.1651135642286149,nan,0.1651135642286149,nan,nan,nan,nan,18,20
1,509,125.59589398597464,0.0,0.5432856380127103,nan,0.5432856380127103,nan,nan,nan,nan,18,25
1,510,125.56134506453387,0.0,0.21681891121556573,nan,0.21681891121556573,nan,nan,nan,nan,18,30
1,511,125.53150781212757,0.0,1.2702369407928842,nan,1.2702369407928842,nan,nan,nan,nan,18,35
1,512,125.50602716917905,0.0,0.5359038179294926,nan,0.5359038179294926,nan,nan,nan,nan,18,40
1,513,125.48457205880165,0.0,0.36098648406956857,nan,0.36098648406956857,nan,nan,nan,nan,18,45
1,514,125.46684228887761,0.0,0.5803686905994426,nan,0.5803686905994426,nan,nan,nan,nan,18,50
1,515,125.45257029493332,0.0,0.6305009656221483,nan,0.6305009656221483,nan,nan,nan,nan,18,55
1,516,125.44152570340512,0.0,0.3194096114156718,nan,0.3194096114156718,nan,nan,nan,nan,18,0
1,517,125.43351935864052,0.0,0.6607672156468931,nan,0.6607672156468931,nan,nan,nan,nan,19,5
1,518,125.43102687784477,0.0,1.1379633085920033,nan,1.1379633085920033,nan,nan,nan,nan,19,10
1,519,125.46840779132974,0.0,3.6511527132730546,nan,3.6511527132730546,nan,nan,nan,nan,19,15
1,520,125.76681046928051,0.0,0.9022164370381371,nan,0.9022164370381371,nan,nan,nan,nan,19,20
1,521,127.00591072828963,0.0,0.9894085338001293,nan,0.9894085338001293,nan,nan,nan,nan,19,25
1,522,129.69438661786782,0.0,0.24433168174543135,nan,0.24433168174543135,nan,nan,nan,nan,19,30
1,523,133.85348319253407,0.0,8.55528042574123,nan,8.55528042574123,nan,nan,nan,nan,19,35
1,524,139.15422807239412,0.0,2.8289995380382207,nan,2.8289995380382207,nan,nan,nan,nan,19,40
1,525,145.06376017825096,0.0,2.531090701457137,nan,2.531090701457137,nan,nan,nan,nan,19,45
1,526,150.99310447794983,0.0,0.016773131395125592,nan,0.016773131395125592,nan,nan,nan,nan,19,50
1,527,156.4719949698706,0.0,3.777457162484569,nan,3.777457162484569,nan,nan,nan,nan,19,55
1,528,161.25087073903896,0.0,29.674548377707467,nan,29.674548377707467,nan,nan,nan,nan,19,0
1,529,165.2776748703571,0.0,5.308106431647673,nan,5.308106431647673,nan,nan,nan,nan,20,5
1,530,168.61585599000745,0.0,0.12296186069958545,nan,0.12296186069958545,nan,nan,nan,nan,20,10
1,531,171.36172419842472,0.0,0.37079005904723017,nan,0.37079005904723017,nan,nan,nan,nan,20,15
1,532,173.59191049000705,0.0,3.229819589135934,nan,3.229819589135934,nan,nan,nan,nan,20,20
1,533,175.35624671681936,0.0,0.19232796847851769,nan,0.19232796847851769,nan,nan,nan,nan,20,25
1,534,176.69039490180938,0.0,2.567178953020892,nan,2.567178953020892,nan,nan,nan,nan,20,30
1,535,177.62248967324732,0.0,0.16933494809715216,nan,0.16933494809715216,nan,nan,nan,nan,20,35
1,536,178.17712065998938,0.0,0.10730499863775278,nan,0.10730499863775278,nan,nan,nan,nan,20,40
1,537,178.37842743860327,0.0,0.253840210954242,nan,0.253840210954242,nan,nan,nan,nan,20,45
1,538,178.2528057687362,0.0,0.6605304766777682,nan,0.6605304766777682,nan,nan,nan,nan,20,50
1,539,177.832870098482,0.0,0.09461314532194187,nan,0.09461314532194187,nan,nan,nan,nan,20,55
1,540,177.1581244760107,0.0,0.10748110634227351,nan,0.10748110634227351,nan,nan,nan,nan,20,0
1,541,176.27250316930298,0.0,2.3891521094137564,nan,2.3891521094137564,nan,nan,nan,nan,21,5
1,542,175.22192546013721,0.0,1.1670737623893215,nan,1.1670737623893215,nan,nan,nan,nan,21,10
1,543,174.05217270013756,0.0,0.3692541485415832,nan,0.3692541485415832,nan,nan,nan,nan,21,15
1,544,172.8038913932776,0.0,1.3512798903890653,nan,1.3512798903890653,nan,nan,nan,nan,21,20
1,545,171.50938353356318,0.0,0.13888510350006678,nan,0.13888510350006678,nan,nan,nan,nan,21,25
1,546,170.19478025786583,0.0,0.24924453573493505,nan,0.24924453573493505,nan,nan,nan,nan,21,30
1,547,168.8823719030107,0.0,0.245583184119174,nan,0.245583184119174,nan,nan,nan,nan,21,35
1,548,167.59279064399234,0.0,4.7857227078221785,nan,4.7857227078221785,nan,nan,nan,nan,21,40
1,549,166.34751807374505,0.0,0.060177424403113994,nan,0.060177424403113994,nan,nan,nan,nan,21,45
1,550,165.1685334746214,0.0,12.698145028763832,nan,12.698145028763832,nan,nan,nan,nan,21,50
1,551,164.07191433837005,0.0,0.9570515253778927,nan,0.9570515253778927,nan,nan,nan,nan,21,55
1,552,163.06571108831946,0.0,0.9830885220271036,nan,0.9830885220271036,nan,nan,nan,nan,21,0
1,553,162.15069761236398,0.0,1.5802561302621183,nan,1.5802561302621183,nan,nan,nan,nan,22,5
1,554,161.31842779844473,0.0,0.32654472034029713,nan,0.32654472034029713,nan,nan,nan,nan,22,10
1,555,160.54126525489505,0.0,2.66918948895686,nan,2.66918948895686,nan,nan,nan,nan,22,15
1,556,159.80359922502066,0.0,0.836915206668537,nan,0.836915206668537,nan,nan,nan,nan,22,20
1,557,159.1029334509538,0.0,3.610352552302214,nan,3.610352552302214,nan,nan,nan,nan,22,25
1,558,158.43136120663203,0.0,0.04277528766905887,nan,0.04277528766905887,nan,nan,nan,nan,22,30
1,559,157.75860420921,0.0,0.6292677946513681,nan,0.6292677946513681,nan,nan,nan,nan,22,35
1,560,157.02852505157603,0.0,7.1811039721211225,nan,7.1811039721211225,nan,nan,nan,nan,22,40
1,561,156.1752122867907,0.0,0.25768514252183383,nan,0.25768514252183383,nan,nan,nan,nan,22,45
1,562,155.14483312456503,0.0,0.6224770631084565,nan,0.6224770631084565,nan,nan,nan,nan,22,50
1,563,153.9005980541052,0.0,0.34852252561772856,nan,0.34852252561772856,nan,nan,nan,nan,22,55
1,564,152.42295113439292,0.0,0.016773131395125592,nan,0.016773131395125592,nan,nan,nan,nan,22,0
1,565,150.71302080242663,0.0,0.6615305002590341,nan,0.6615305002590341,nan,nan,nan,nan,23,5
1,566,148.79184373766213,0.0,1.7160973144702762,nan,1.7160973144702762,nan,nan,nan,nan,23,10
1,567,146.6964665973184,0.0,0.048152338388282485,nan,0.048152338388282485,nan,nan,nan,nan,23,15
1,568,144.47336588535381,0.0,8.28970589157463,nan,8.28970589157463,nan,nan,nan,nan,23,20
1,569,142.1702089393088,0.0,3.085346168328385,nan,3.085346168328385,nan,nan,nan,nan,23,25
1,570,139.83041946813435,0.0,0.8845974364044726,nan,0.8845974364044726,nan,nan,nan,nan,23,30
1,571,137.48452934008853,0.0,5.44122638363579,nan,5.44122638363579,nan,nan,nan,nan,23,35
1,572,135.14435216965757,0.0,0.42030230266281865,nan,0.42030230266281865,nan,nan,nan,nan,23,40
1,573,132.8089204646456,0.0,0.034740842634110904,nan,0.034740842634110904,nan,nan,nan,nan,23,45
1,574,130.46848082698824,0.0,5.297122702550572,nan,5.297122702550572,nan,nan,nan,nan,23,50
1,575,128.11055189199763,0.0,7.232556517049216,nan,7.232556517049216,nan,nan,nan,nan,23,55
1,576,125.72932517888167,0.0,0.022103207986942423,nan,0.022103207986942423,nan,nan,nan,nan,23,0
1,577,123.32145073443662,0.0,0.05737507525230841,nan,0.05737507525230841,nan,nan,nan,nan,0,5
1,0,122.021066,0.0,30.218745096670936,nan,30.218745096670936,nan,nan,nan,nan,0,0
1,1,121.81660750072332,0.0,0.6685817723943009,nan,0.6685817723943009,nan,nan,nan,nan,0,5
1,2,121.37271903486528,0.0,5.403915593269519,nan,5.403915593269519,nan,nan,nan,nan,0,10
1,3,120.83666398573337,0.0,2.9820247513703046,nan,2.9820247513703046,nan,nan,nan,nan,0,15
1,4,120.28085056646736,0.0,1.6414644564560772,nan,1.6414644564560772,nan,nan,nan,nan,0,20
1,5,119.74428266229224,0.0,13.876873215555493,nan,13.876873215555493,nan,nan,nan,nan,0,25
1,6,119.24973687599534,0.0,2.8349817099998704,nan,2.8349817099998704,nan,nan,nan,nan,0,30
1,7,118.81128090761511,0.0,2.7631409462919243,nan,2.7631409462919243,nan,nan,nan,nan,0,35
1,8,118.43777848551741,0.0,4.950883019264453,nan,4.950883019264453,nan,nan,nan,nan,0,40
1,9,118.13464809194257,0.0,3.0864121437538383,nan,3.0864121437538383,nan,nan,nan,nan,0,45
1,10,117.90483929342581,0.0,10.5940076578876,nan,10.5940076578876,nan,nan,nan,nan,0,50
1,11,117.74941460613367,0.0,0.16773131395125593,nan,0.16773131395125593,nan,nan,nan,nan,0,55
1,12,117.66792516098133,0.0,4.48518246065767,nan,4.48518246065767,nan,nan,nan,nan,1,0
1,13,117.65865436963819,0.0,19.622235279107407,nan,19.622235279107407,nan,nan,nan,nan,1,5
1,14,117.71884290149418,0.0,4.13359487040081,nan,4.13359487040081,nan,nan,nan,nan,1,10
1,15,117.84488173170986,0.0,148.89739119578275,nan,148.89739119578275,nan,nan,nan,nan,1,15
1,16,118.02782537805975,0.0,1.4568521813976503,nan,1.4568521813976503,nan,nan,nan,nan,1,20
1,17,118.23570956425861,0.0,11.134412999015144,nan,11.134412999015144,nan,nan,nan,nan,1,25
1,18,118.4130640507442,0.0,0.9845252156977649,nan,0.9845252156977649,nan,nan,nan,nan,1,30
1,19,118.49963462340263,0.0,0.7773441099493467,nan,0.7773441099493467,nan,nan,nan,nan,1,35
1,20,118.44434593055429,0.0,19.494474468135834,nan,19.494474468135834,nan,nan,nan,nan,1,40
1,21,118.21286047830871,0.0,41.209894298706274,nan,41.209894298706274,nan,nan,nan,nan,1,45
1,22,117.79138984736,0.0,6.238237625429431,nan,6.238237625429431,nan,nan,nan,nan,1,50
1,23,117.18050767123849,0.0,6.87344828756471,nan,6.87344828756471,nan,nan,nan,nan,1,55
1,24,116.38525150856432,0.0,28.99688007108888,nan,28.99688007108888,nan,nan,nan,nan,2,0
1,25,115.40965394122817,0.0,7.360636910089288,nan,7.360636910089288,nan,nan,nan,nan,2,5
1,26,114.25692138539348,0.0,5.123746987254475,nan,5.123746987254475,nan,nan,nan,nan,2,10
1,27,112.93184926743213,0.0,8.762865935507165,nan,8.762865935507165,nan,nan,nan,nan,2,15
1,28,111.44096437675195,0.0,5.761026525871036,nan,5.761026525871036,nan,nan,nan,nan,2,20
1,29,109.79194139121606,0.0,4.849703881641825,nan,4.849703881641825,nan,nan,nan,nan,2,25
1,30,107.99277542018817,0.0,39.66862662846177,nan,39.66862662846177,nan,nan,nan,nan,2,30
1,31,106.05087399035348,0.0,5.329384110597743,nan,5.329384110597743,nan,nan,nan,nan,2,35
1,32,103.97222273405116,0.0,6.0459864943190205,nan,6.0459864943190205,nan,nan,nan,nan,2,40
1,33,101.76051798917135,0.0,2.970175864547782,nan,2.970175864547782,nan,nan,nan,nan,2,45
1,34,99.41629419995054,0.0,66.6128979299506,nan,66.6128979299506,nan,nan,nan,nan,2,50
1,35,96.93652112571198,0.0,77.30269921251355,nan,77.30269921251355,nan,nan,nan,nan,2,55
1,36,94.31538278636378,0.0,465.6024455829074,nan,465.6024455829074,nan,nan,nan,nan,3,0
1,37,91.54419320930407,0.0,49.819068829231796,nan,49.819068829231796,nan,nan,nan,nan,3,5
1,38,88.61275752942457,0.0,56.306770872038705,nan,56.306770872038705,nan,nan,nan,nan,3,10
1,39,85.51402832225288,0.0,41.287335543496795,nan,41.287335543496795,nan,nan,nan,nan,3,15
1,40,82.24631284849055,0.0,0.6138276944844083,nan,0.6138276944844083,nan,nan,nan,nan,3,20
1,41,78.81503186580886,0.0,8.320151324639285,nan,8.320151324639285,nan,nan,nan,nan,3,25
1,42,75.2357064816455,0.0,3.045750268172536,nan,3.045750268172536,nan,nan,nan,nan,3,30
1,43,71.53889427826172,0.0,0.7279890922670976,nan,0.7279890922670976,nan,nan,nan,nan,3,35
1,44,67.77144585733313,0.0,151.72137154156147,nan,151.72137154156147,nan,nan,nan,nan,3,40
1,45,63.99993281907598,0.0,9.5026773746404,nan,9.5026773746404,nan,nan,nan,nan,3,45
1,46,60.367605759026596,0.0,0.470024076114497,nan,0.470024076114497,nan,nan,nan,nan,3,50
1,47,57.03205415583856,0.0,9.994875289715148,nan,9.994875289715148,nan,nan,nan,nan,3,55
1,48,54.07110597228318,0.0,65.08296888795557,nan,65.08296888795557,nan,nan,nan,nan,4,0
1,49,51.50071489609226,0.0,13.238880357477475,nan,13.238880357477475,nan,nan,nan,nan,4,5
1,50,49.30246613729154,0.0,7.379833881414793,nan,7.379833881414793,nan,nan,nan,nan,4,10
1,51,47.44066437890044,0.0,0.5575186263886627,nan,0.5575186263886627,nan,nan,nan,nan,4,15
1,52,45.87288099614909,0.0,0.2692248783335769,nan,0.2692248783335769,nan,nan,nan,nan,4,20
1,53,44.556494277773645,0.0,128.0292288483434,nan,128.0292288483434,nan,nan,nan,nan,4,25
1,54,43.45340089997657,0.0,16.787180928934248,nan,16.787180928934248,nan,nan,nan,nan,4,30
1,55,42.53201291194211,0.0,0.7170860431606104,nan,0.7170860431606104,nan,nan,nan,nan,4,35
1,56,41.76557226696323,0.0,2.0528454648229038,nan,2.0528454648229038,nan,nan,nan,nan,4,40
1,57,41.1303403965563,0.0,51.714352827433686,nan,51.714352827433686,nan,nan,nan,nan,4,45
1,58,40.60724810551489,0.0,0.6212613063047134,nan,0.6212613063047134,nan,nan,nan,nan,4,50
1,59,40.18542642370913,0.0,5.65530194203659,nan,5.65530194203659,nan,nan,nan,nan,4,55
1,60,39.85315868333162,0.0,1.1377100310213972,nan,1.1377100310213972,nan,nan,nan,nan,5,0
1,61,39.59757994665161,0.0,8.358751727201701,nan,8.358751727201701,nan,nan,nan,nan,5,5
1,62,39.4064357493073,0.0,1.023890944085828,nan,1.023890944085828,nan,nan,nan,nan,5,10
1,63,39.26884255574894,0.0,17.676282337022066,nan,17.676282337022066,nan,nan,nan,nan,5,15
1,64,39.17536956821385,0.0,2.1642293797032823,nan,2.1642293797032823,nan,nan,nan,nan,5,20
1,65,39.118149879062024,0.0,2.7653612816568094,nan,2.7653612816568094,nan,nan,nan,nan,5,25
1,66,39.09055714164848,0.0,2.682415264956069,nan,2.682415264956069,nan,nan,nan,nan,5,30
1,67,39.08700033566763,0.0,15.947527855988202,nan,15.947527855988202,nan,nan,nan,nan,5,35
1,68,39.10314424242567,0.0,0.5611790554357742,nan,0.5611790554357742,nan,nan,nan,nan,5,40
1,69,39.13560253343252,0.0,1.6608588590890767,nan,1.6608588590890767,nan,nan,nan,nan,5,45
1,70,39.18127572241061,0.0,6.197660217378442,nan,6.197660217378442,nan,nan,nan,nan,5,50
1,71,39.237913658678885,0.0,82.63404005000717,nan,82.63404005000717,nan,nan,nan,nan,5,55
1,72,39.30455777184043,0.0,2.005742726828487,nan,2.005742726828487,nan,nan,nan,nan,6,0
1,73,39.38273183429969,0.0,34.0691438318986,nan,34.0691438318986,nan,nan,nan,nan,6,5
1,74,39.50360953379681,0.0,24.682212588190335,nan,24.682212588190335,nan,nan,nan,nan,6,10
1,75,39.8798414085338,0.0,55.76194266352239,nan,55.76194266352239,nan,nan,nan,nan,6,15
1,76,41.17929526132399,0.0,25.057329949605883,nan,25.057329949605883,nan,nan,nan,nan,6,20
1,77,43.87137300732094,0.0,18.34317473664458,nan,18.34317473664458,nan,nan,nan,nan,6,25
1,78,47.894135283869936,0.0,2.1982879722100623,nan,2.1982879722100623,nan,nan,nan,nan,6,30
1,79,52.810667604196595,0.0,5.558046693333891,nan,5.558046693333891,nan,nan,nan,nan,6,35
1,80,58.036067913343565,0.0,11.577749870631656,nan,11.577749870631656,nan,nan,nan,nan,6,40
1,81,63.06198674626395,0.0,2.1995776676117105,nan,2.1995776676117105,nan,nan,nan,nan,6,45
1,82,67.50408549325313,0.0,2.150501777780381,nan,2.150501777780381,nan,nan,nan,nan,6,50
1,83,71.16116840621878,0.0,23.344214148903987,nan,23.344214148903987,nan,nan,nan,nan,6,55
1,84,74.00454946465044,0.0,15.979667766729627,nan,15.979667766729627,nan,nan,nan,nan,7,0
1,85,76.11221027802682,0.0,73.40088653006727,nan,73.40088653006727,nan,nan,nan,nan,7,5
1,86,77.60408035087735,0.0,8.802927861490115,nan,8.802927861490115,nan,nan,nan,nan,7,10
1,87,78.6006160652438,0.0,5.948580238145069,nan,5.948580238145069,nan,nan,nan,nan,7,15
1,88,79.20372868400446,0.0,6.359784770098028,nan,6.359784770098028,nan,nan,nan,nan,7,20
1,89,79.4916690673212,0.0,8.526947280573907,nan,8.526947280573907,nan,nan,nan,nan,7,25
1,90,79.52051115653386,0.0,0.30428947831561215,nan,0.30428947831561215,nan,nan,nan,nan,7,30
1,91,79.32819764883526,0.0,1.452058968033472,nan,1.452058968033472,nan,nan,nan,nan,7,35
1,92,78.939537048116,0.0,5.473186649302851,nan,5.473186649302851,nan,nan,nan,nan,7,40
1,93,78.37248978637453,0.0,7.475214842800891,nan,7.475214842800891,nan,nan,nan,nan,7,45
1,94,77.64276218818416,0.0,2.8899898118584817,nan,2.8899898118584817,nan,nan,nan,nan,7,50
1,95,76.76387173638189,0.0,15.076914639542357,nan,15.076914639542357,nan,nan,nan,nan,7,55
1,96,75.74607327650718,0.0,33.59774393480072,nan,33.59774393480072,nan,nan,nan,nan,8,0
1,97,74.59712870004857,0.0,5.612523312066607,nan,5.612523312066607,nan,nan,nan,nan,8,5
1,98,73.3216563452494,0.0,19.64996211416945,nan,19.64996211416945,nan,nan,nan,nan,8,10
1,99,71.9198336542555,0.0,3.5400589265591567,nan,3.5400589265591567,nan,nan,nan,nan,8,15
1,100,70.3888147748762,0.0,21.55154162025967,nan,21.55154162025967,nan,nan,nan,nan,8,20
1,101,68.72537182859847,0.0,0.4474283390659858,nan,0.4474283390659858,nan,nan,nan,nan,8,25
1,102,66.92889685056748,0.0,3.0922250020932203,nan,3.0922250020932203,nan,nan,nan,nan,8,30
1,103,65.00387678689611,0.0,86.75360442374274,nan,86.75360442374274,nan,nan,nan,nan,8,35
1,104,62.96313339115587,0.0,1.3352934730455015,nan,1.3352934730455015,nan,nan,nan,nan,8,40
1,105,60.851170971929214,0.0,53.70436627971339,nan,53.70436627971339,nan,nan,nan,nan,8,45
1,106,58.761031151323124,0.0,33.67485558400034,nan,33.67485558400034,nan,nan,nan,nan,8,50
1,107,56.7679520556185,0.0,23.57882436586878,nan,23.57882436586878,nan,nan,nan,nan,8,55
1,108,54.915567671688976,0.0,7.648922273958187,nan,7.648922273958187,nan,nan,nan,nan,9,0
1,109,53.22689266811085,0.0,79.11290266103941,nan,79.11290266103941,nan,nan,nan,nan,9,5
1,110,51.71423078894648,0.0,28.564546621711383,nan,28.564546621711383,nan,nan,nan,nan,9,10
1,111,50.38373863112458,0.0,9.212697441514614,nan,9.212697441514614,nan,nan,nan,nan,9,15
1,112,49.232901758512114,0.0,0.5904250694380347,nan,0.5904250694380347,nan,nan,nan,nan,9,20
1,113,48.24114069971956,0.0,52.77750728292866,nan,52.77750728292866,nan,nan,nan,nan,9,25
1,114,47.361193865651224,0.0,4.2553537637065,nan,4.2553537637065,nan,nan,nan,nan,9,30
1,115,46.52408494001792,0.0,19.62231013213744,nan,19.62231013213744,nan,nan,nan,nan,9,35
1,116,45.657011413592656,0.0,15.307081391906344,nan,15.307081391906344,nan,nan,nan,nan,9,40
1,117,44.702389748602826,0.0,15.197830515446926,nan,15.197830515446926,nan,nan,nan,nan,9,45
1,118,43.62824324045844,0.0,22.532319078948507,nan,22.532319078948507,nan,nan,nan,nan,9,50
1,119,42.42821067796476,0.0,29.9479018797295,nan,29.9479018797295,nan,nan,nan,nan,9,55
1,120,41.12191715266881,0.0,6.208978898954138,nan,6.208978898954138,nan,nan,nan,nan,10,0
1,121,39.76142509273313,0.0,0.7654839309986661,nan,0.7654839309986661,nan,nan,nan,nan,10,5
1,122,38.39121366728322,0.0,94.04546405210993,nan,94.04546405210993,nan,nan,nan,nan,10,10
1,123,37.042624032434766,0.0,6.630217761284768,nan,6.630217761284768,nan,nan,nan,nan,10,15
1,124,35.7382623853955,0.0,77.36461327591883,nan,77.36461327591883,nan,nan,nan,nan,10,20
1,125,34.49366532045902,0.0,2.7023047138092005,nan,2.7023047138092005,nan,nan,nan,nan,10,25
1,126,33.3180061451446,0.0,2.0312266778188866,nan,2.0312266778188866,nan,nan,nan,nan,10,30
1,127,32.21548933289222,0.0,0.16773131395125593,nan,0.16773131395125593,nan,nan,nan,nan,10,35
1,128,31.187202823971507,0.0,3.0677562540173264,nan,3.0677562540173264,nan,nan,nan,nan,10,40
1,129,30.232624519901485,0.0,13.578547367786935,nan,13.578547367786935,nan,nan,nan,nan,10,45
1,130,29.350445128757023,0.0,38.66433132121011,nan,38.66433132121011,nan,nan,nan,nan,10,50
1,131,28.538377804911008,0.0,1.4892697378232647,nan,1.4892697378232647,nan,nan,nan,nan,10,55
1,132,27.79268720137062,0.0,1.9930698166674161,nan,1.9930698166674161,nan,nan,nan,nan,11,0
1,133,27.10853813079484,0.0,8.210230816608135,nan,8.210230816608135,nan,nan,nan,nan,11,5
1,134,26.48115638180363,0.0,3.9098420798524103,nan,3.9098420798524103,nan,nan,nan,nan,11,10
1,135,25.90641601219211,0.0,4.625695171117212,nan,4.625695171117212,nan,nan,nan,nan,11,15
1,136,25.38043327009043,0.0,15.527938388886037,nan,15.527938388886037,nan,nan,nan,nan,11,20
1,137,24.8993890913632,0.0,12.233720722435983,nan,12.233720722435983,nan,nan,nan,nan,11,25
1,138,24.45963613178407,0.0,6.4460774687604525,nan,6.4460774687604525,nan,nan,nan,nan,11,30
1,139,24.057640421834442,0.0,0.9861116180739085,nan,0.9861116180739085,nan,nan,nan,nan,11,35
1,140,23.6892020735514,0.0,0.16773131395125593,nan,0.16773131395125593,nan,nan,nan,nan,11,40
1,141,23.349354167948498,0.0,8.610164275842026,nan,8.610164275842026,nan,nan,nan,nan,11,45
1,142,23.033745325145993,0.0,1.5175998163517248,nan,1.5175998163517248,nan,nan,nan,nan,11,50
1,143,22.739371882225555,0.0,2.1161858412352785,nan,2.1161858412352785,nan,nan,nan,nan,11,55
1,144,22.463929996266867,0.0,4.88507794859616,nan,4.88507794859616,nan,nan,nan,nan,12,0
1,145,22.14324961065092,0.0,24.25870169427179,nan,24.25870169427179,nan,nan,nan,nan,12,5
1,146,21.635375371138004,0.0,103.29962092681566,nan,103.29962092681566,nan,nan,nan,nan,12,10
1,147,8.81386880528022,0.0,1.3723548145828317,nan,1.3723548145828317,nan,nan,nan,nan,12,15
1,148,0.06536163695321942,0.0,3.3494967685383576,nan,3.3494967685383576,nan,nan,nan,nan,12,20
1,149,0.0004847069634897558,0.0,7.841971415783594,nan,7.841971415783594,nan,nan,nan,nan,12,25
1,150,3.5944760781253277e-06,0.0,0.4529936707966879,nan,0.4529936707966879,nan,nan,nan,nan,12,30
1,151,2.665581320142989e-08,0.0,2.199312327005191,nan,2.199312327005191,nan,nan,nan,nan,12,35
1,152,1.976734194319906e-10,0.0,1.4150306412123936,nan,1.4150306412123936,nan,nan,nan,nan,12,40
1,153,1.4659009070426563e-12,0.0,1.5678791793092735,nan,1.5678791793092735,nan,nan,nan,nan,12,45
1,154,1.0870786145366375e-14,0.0,3.872848496785719,nan,3.872848496785719,nan,nan,nan,nan,12,50
1,155,8.061526590954687e-17,0.0,1.78057465295749,nan,1.78057465295749,nan,nan,nan,nan,12,55
1,156,5.978243901373259e-19,0.0,43.57716597409072,nan,43.57716597409072,nan,nan,nan,nan,13,0
1,157,4.4333290650442565e-21,0.0,82.24516396917463,nan,82.24516396917463,nan,nan,nan,nan,13,5
1,158,3.2876555261406104e-23,0.0,2.413383034307634,nan,2.413383034307634,nan,nan,nan,nan,13,10
1,159,2.4380502101201443e-25,0.0,37.15772964408125,nan,37.15772964408125,nan,nan,nan,nan,13,15
1,160,1.8080023225683456e-27,0.0,21.635177542818756,nan,21.635177542818756,nan,nan,nan,nan,13,20
1,161,1.340773206738612e-29,0.0,6.966079892720605,nan,6.966079892720605,nan,nan,nan,nan,13,25
1,162,9.942867713546226e-32,0.0,1.258635624865101,nan,1.258635624865101,nan,nan,nan,nan,13,30
1,163,7.3734034863029e-34,0.0,2.4022870914165164,nan,2.4022870914165164,nan,nan,nan,nan,13,35
1,164,5.467947531651626e-36,0.0,17.12637356734738,nan,17.12637356734738,nan,nan,nan,nan,13,40
1,165,4.054904938328079e-38,0.0,3.3515813173337046,nan,3.3515813173337046,nan,nan,nan,nan,13,45
1,166,3.0070248413504743e-40,0.0,4.926489622450008,nan,4.926489622450008,nan,nan,nan,nan,13,50
1,167,2.2299409071294118e-42,0.0,65.20176662719508,nan,65.20176662719508,nan,nan,nan,nan,13,55
1,168,1.6536732190931622e-44,0.0,5.294230576164634,nan,5.294230576164634,nan,nan,nan,nan,14,0
1,169,1.2263262702625697e-46,0.0,125.44361756084841,nan,125.44361756084841,nan,nan,nan,nan,14,5
1,170,9.094155385553115e-49,0.0,3.5984040351461943,nan,3.5984040351461943,nan,nan,nan,nan,14,10
1,171,6.744017818266017e-51,0.0,5.679555634133843,nan,5.679555634133843,nan,nan,nan,nan,14,15
1,172,5.001209502681408e-53,0.0,41.86033775068795,nan,41.86033775068795,nan,nan,nan,nan,14,20
1,173,3.708782681737007e-55,0.0,5.432121026786793,nan,5.432121026786793,nan,nan,nan,nan,14,25
1,174,2.7503484852969164e-57,0.0,6.252751683154262,nan,6.252751683154262,nan,nan,nan,nan,14,30
1,175,2.0395955869358866e-59,0.0,4.19771836568316,nan,4.19771836568316,nan,nan,nan,nan,14,35
1,176,1.5125174793256248e-61,0.0,2.389395984481691,nan,2.389395984481691,nan,nan,nan,nan,14,40
1,177,1.1216483992801726e-63,0.0,6.031450499268541,nan,6.031450499268541,nan,nan,nan,nan,14,45
1,178,8.317888214876774e-66,0.0,2.2279346867185854,nan,2.2279346867185854,nan,nan,nan,nan,14,50
1,179,6.168355823410209e-68,0.0,1.5539541057883786,nan,1.5539541057883786,nan,nan,nan,nan,14,55
1,180,4.5743117220723896e-70,0.0,8.179396291839405,nan,8.179396291839405,nan,nan,nan,nan,15,0
1,181,3.392205042918674e-72,0.0,11.252573893187098,nan,11.252573893187098,nan,nan,nan,nan,15,5
1,182,2.5155817426429375e-74,0.0,1.5112958606454687,nan,1.5112958606454687,nan,nan,nan,nan,15,10
1,183,1.8654979353705865e-76,0.0,14.472119141049184,nan,14.472119141049184,nan,nan,nan,nan,15,15
1,184,1.3834106393281629e-78,0.0,21.92557538688269,nan,21.92557538688269,nan,nan,nan,nan,15,20
1,185,1.0259057170310779e-80,0.0,2.1078808349790004,nan,2.1078808349790004,nan,nan,nan,nan,15,25
1,186,7.607882362016354e-83,0.0,14.822945848309768,nan,14.822945848309768,nan,nan,nan,nan,15,30
1,187,5.64183170767204e-85,0.0,2.417111308344429,nan,2.417111308344429,nan,nan,nan,nan,15,35
1,188,4.183853469739703e-87,0.0,0.5860372370931622,nan,0.5860372370931622,nan,nan,nan,nan,15,40
1,189,3.1026501255699108e-89,0.0,5.657301193160654,nan,5.657301193160654,nan,nan,nan,nan,15,45
1,190,2.3008544327193866e-91,0.0,1.7931424121930015,nan,1.7931424121930015,nan,nan,nan,nan,15,50
1,191,1.7062610691858258e-93,0.0,46.81988557487134,nan,46.81988557487134,nan,nan,nan,nan,15,55
1,192,1.2653242181767449e-95,0.0,16.49414520888197,nan,16.49414520888197,nan,nan,nan,nan,16,0
1,193,9.3833552556442e-98,0.0,4.560623280590901,nan,4.560623280590901,nan,nan,nan,nan,16,5
1,194,6.958481833256661e-100,0.0,0.5168187106467879,nan,0.5168187106467879,nan,nan,nan,nan,16,10
1,195,5.160251115360624e-102,0.0,0.16773131395125593,nan,0.16773131395125593,nan,nan,nan,nan,16,15
1,196,3.8267243073505626e-104,0.0,7.169830340349333,nan,7.169830340349333,nan,nan,nan,nan,16,20
1,197,2.8378112997015005e-106,0.0,351.04623941774054,nan,351.04623941774054,nan,nan,nan,nan,16,25
1,198,2.104456011436355e-108,0.0,5.773889088742182,nan,5.773889088742182,nan,nan,nan,nan,16,30
1,199,1.5606164879731287e-110,0.0,56.99461188592654,nan,56.99461188592654,nan,nan,nan,nan,16,35
1,200,1.1573175249556597e-112,0.0,3.2063673429055286,nan,3.2063673429055286,nan,nan,nan,nan,16,40
1,201,8.582402299933633e-115,0.0,0.6025723456604046,nan,0.6025723456604046,nan,nan,nan,nan,16,45
1,202,6.364513424328228e-117,0.0,2.0446852007122605,nan,2.0446852007122605,nan,nan,nan,nan,16,50
1,203,4.719777716405518e-119,0.0,5.3450398681022175,nan,5.3450398681022175,nan,nan,nan,nan,16,55
1,204,3.5000793001908623e-121,0.0,0.3396121990058213,nan,0.3396121990058213,nan,nan,nan,nan,17,0
1,205,2.5955788267406624e-123,0.0,143.85676164035073,nan,143.85676164035073,nan,nan,nan,nan,17,5
1,206,1.924821944879093e-125,0.0,0.3075643197849834,nan,0.3075643197849834,nan,nan,nan,nan,17,10
1,207,1.4274039691333617e-127,0.0,3.6296230704824204,nan,3.6296230704824204,nan,nan,nan,nan,17,15
1,208,1.0585301650982886e-129,0.0,6.330013309457792,nan,6.330013309457792,nan,nan,nan,nan,17,20
1,209,7.849817813686653e-132,0.0,11.259464820215866,nan,11.259464820215866,nan,nan,nan,nan,17,25
1,210,5.821245510027639e-134,0.0,4.286777128898736,nan,4.286777128898736,nan,nan,nan,nan,17,30
1,211,4.3169026456809025e-136,0.0,0.9196275005821368,nan,0.9196275005821368,nan,nan,nan,nan,17,35
1,212,3.201316354066346e-138,0.0,16.627662524584423,nan,16.627662524584423,nan,nan,nan,nan,17,40
1,213,2.374023053094858e-140,0.0,22.296915347389344,nan,22.296915347389344,nan,nan,nan,nan,17,45
1,214,1.760521246038973e-142,0.0,49.954064333893214,nan,49.954064333893214,nan,nan,nan,nan,17,50
1,215,1.3055623254012163e-144,0.0,6.9194964910436445,nan,6.9194964910436445,nan,nan,nan,nan,17,55
1,216,9.681751863784656e-147,0.0,1.776430628479564,nan,1.776430628479564,nan,nan,nan,nan,18,0
1,217,7.179765939024879e-149,0.0,5.4092054270354035,nan,5.4092054270354035,nan,nan,nan,nan,18,5
1,218,5.3243503515107616e-151,0.0,6.975875989664465,nan,6.975875989664465,nan,nan,nan,nan,18,10
1,219,3.9484165509555557e-153,0.0,37.67678794055848,nan,37.67678794055848,nan,nan,nan,nan,18,15
1,220,2.928055486701053e-155,0.0,1.500086613120329,nan,1.500086613120329,nan,nan,nan,nan,18,20
1,221,2.1713790382945457e-157,0.0,16.373089826140554,nan,16.373089826140554,nan,nan,nan,nan,18,25
1,222,1.6102450753954313e-159,0.0,23.929121246238783,nan,23.929121246238783,nan,nan,nan,nan,18,30
1,223,1.194120951297272e-161,0.0,12.728122423716561,nan,12.728122423716561,nan,nan,nan,nan,18,35
1,224,8.855328099525058e-164,0.0,25.40497054408798,nan,25.40497054408798,nan,nan,nan,nan,18,40
1,225,6.566908960524262e-166,0.0,47.96186308296962,nan,47.96186308296962,nan,nan,nan,nan,18,45
1,226,4.869869620994253e-168,0.0,27.920760717306408,nan,27.920760717306408,nan,nan,nan,nan,18,50
1,227,3.611384026799329e-170,0.0,0.912367354663176,nan,0.912367354663176,nan,nan,nan,nan,18,55
1,228,2.678119868506584e-172,0.0,1.1874044177661605,nan,1.1874044177661605,nan,nan,nan,nan,19,0
1,229,1.986032495260927e-174,0.0,5.006228068965775,nan,5.006228068965775,nan,nan,nan,nan,19,5
1,230,1.472796314539812e-176,0.0,1.8525469796452168,nan,1.8525469796452168,nan,nan,nan,nan,19,10
1,231,1.0921920911656937e-178,0.0,1.8146564209175684,nan,1.8146564209175684,nan,nan,nan,nan,19,15
1,232,8.09944696512646e-181,0.0,7.59275392255116,nan,7.59275392255116,nan,nan,nan,nan,19,20
1,233,6.006364784319242e-183,0.0,1.347530567010976,nan,1.347530567010976,nan,nan,nan,nan,19,25
1,234,4.454182869230885e-185,0.0,1.8800039744098236,nan,1.8800039744098236,nan,nan,nan,nan,19,30
1,235,3.303120230783404e-187,0.0,5.689046907098805,nan,5.689046907098805,nan,nan,nan,nan,19,35
1,236,2.4495184816905748e-189,0.0,34.67701370515556,nan,34.67701370515556,nan,nan,nan,nan,19,40
1,237,1.816506930697052e-191,0.0,35.72303345910759,nan,35.72303345910759,nan,nan,nan,nan,19,45
1,238,1.3470800297832748e-193,0.0,10.07477982420352,nan,10.07477982420352,nan,nan,nan,nan,19,50
1,239,9.98963767203784e-196,0.0,45.313774348214956,nan,45.313774348214956,nan,nan,nan,nan,19,55
1,240,7.408087018753656e-198,0.0,2.6241045275370203,nan,2.6241045275370203,nan,nan,nan,nan,20,0
1,241,5.493668046744201e-200,0.0,5.059398259453854,nan,5.059398259453854,nan,nan,nan,nan,20,5
1,242,4.073978684566776e-202,0.0,2.5719313443040814,nan,2.5719313443040814,nan,nan,nan,nan,20,10
1,243,3.0211694956961866e-204,0.0,0.5515230488153803,nan,0.5515230488153803,nan,nan,nan,nan,20,15
1,244,2.240430259564739e-206,0.0,4.415684051794204,nan,4.415684051794204,nan,nan,nan,nan,20,20
1,245,1.6614518831611078e-208,0.0,4.608343271356164,nan,4.608343271356164,nan,nan,nan,nan,20,25
1,246,1.2320947497807297e-210,0.0,1.483571680147301,nan,1.483571680147301,nan,nan,nan,nan,20,30
1,247,9.136933111472083e-213,0.0,7.834097976732177,nan,7.834097976732177,nan,nan,nan,nan,20,35
1,248,6.775740802269642e-215,0.0,4.691686571778964,nan,4.691686571778964,nan,nan,nan,nan,20,40
1,249,5.024734542698744e-217,0.0,2.314862403245795,nan,2.314862403245795,nan,nan,nan,nan,20,45
1,250,3.726228313829942e-219,0.0,0.16773131395125593,nan,0.16773131395125593,nan,nan,nan,nan,20,50
1,251,2.7632857673970824e-221,0.0,40.66837642531354,nan,40.66837642531354,nan,nan,nan,nan,20,55
1,252,2.0491895797042582e-223,0.0,1.8053361110468222,nan,1.8053361110468222,nan,nan,nan,nan,21,0
1,253,1.5196321651249235e-225,0.0,1.9883767227537998,nan,1.9883767227537998,nan,nan,nan,nan,21,5
1,254,1.126924487687245e-227,0.0,20.73970871160181,nan,20.73970871160181,nan,nan,nan,nan,21,10
1,255,8.35701448083498e-230,0.0,23.688049052122263,nan,23.688049052122263,nan,nan,nan,nan,21,15
1,256,6.197370968148501e-232,0.0,50.186047914500364,nan,50.186047914500364,nan,nan,nan,nan,21,20
1,257,4.5958286903689194e-234,0.0,1.303083604163218,nan,1.303083604163218,nan,nan,nan,nan,21,25
1,258,3.4081615349110353e-236,0.0,0.2625049948796328,nan,0.2625049948796328,nan,nan,nan,nan,21,30
1,259,2.527414712473699e-238,0.0,16.537711943149677,nan,16.537711943149677,nan,nan,nan,nan,21,35
1,260,1.8742729953952303e-240,0.0,28.43532795303031,nan,28.43532795303031,nan,nan,nan,nan,21,40
1,261,1.3899180233186073e-242,0.0,0.792282283107093,nan,0.792282283107093,nan,nan,nan,nan,21,45
1,262,1.0307314442944999e-244,0.0,10.716149150486306,nan,10.716149150486306,nan,nan,nan,nan,21,50
1,263,7.643668852647817e-247,0.0,1.8278610516633695,nan,1.8278610516633695,nan,nan,nan,nan,21,55
1,264,5.668370151347112e-249,0.0,51.67519632114082,nan,51.67519632114082,nan,nan,nan,nan,22,0
1,265,4.203533773124232e-251,0.0,1.1672664653177691,nan,1.1672664653177691,nan,nan,nan,nan,22,5
1,266,3.1172445888341915e-253,0.0,1.4939517506505418,nan,1.4939517506505418,nan,nan,nan,nan,22,10
1,267,2.311677353169889e-255,0.0,8.998164798766112,nan,8.998164798766112,nan,nan,nan,nan,22,15
1,268,1.714287099671275e-257,0.0,4.502817752790951,nan,4.502817752790951,nan,nan,nan,nan,22,20
1,269,1.2712761389774172e-259,0.0,10.373822624375723,nan,10.373822624375723,nan,nan,nan,nan,22,25
1,270,9.427493340195085e-262,0.0,3.774454906297722,nan,3.774454906297722,nan,nan,nan,nan,22,30
1,271,6.9912136281354e-264,0.0,0.7704092919115653,nan,0.7704092919115653,nan,nan,nan,nan,22,35
1,272,5.184524266470041e-266,0.0,19.518027695703882,nan,19.518027695703882,nan,nan,nan,nan,22,40
1,273,3.8447247215338754e-268,0.0,1.449266282584223,nan,1.449266282584223,nan,nan,nan,nan,22,45
1,274,2.851159995522252e-270,0.0,5.108792386292155,nan,5.108792386292155,nan,nan,nan,nan,22,50
1,275,2.1143550992184693e-272,0.0,12.946430691532761,nan,12.946430691532761,nan,nan,nan,nan,22,55
1,276,1.5679574252627195e-274,0.0,2.058564405931594,nan,2.058564405931594,nan,nan,nan,nan,23,0
1,277,1.1627613962977328e-276,0.0,1.9927552691046613,nan,1.9927552691046613,nan,nan,nan,nan,23,5
1,278,8.622772805796794e-279,0.0,0.16773131395125593,nan,0.16773131395125593,nan,nan,nan,nan,23,10
1,279,6.394451268947216e-281,0.0,26.950303829792915,nan,26.950303829792915,nan,nan,nan,nan,23,15
1,280,4.741978937848428e-283,0.0,0.26825654747347,nan,0.26825654747347,nan,nan,nan,nan,23,20
1,281,3.516543218680323e-285,0.0,27.213254917807085,nan,27.213254917807085,nan,nan,nan,nan,23,25
1,282,2.6077880924661814e-287,0.0,1.6967941382011595,nan,1.6967941382011595,nan,nan,nan,nan,23,30
1,283,1.9338760573403383e-289,0.0,7.021476767670881,nan,7.021476767670881,nan,nan,nan,nan,23,35
1,284,1.4341182920340046e-291,0.0,7.870014395712471,nan,7.870014395712471,nan,nan,nan,nan,23,40
1,285,1.0635093535286359e-293,0.0,4.410169608935532,nan,4.410169608935532,nan,nan,nan,nan,23,45
1,286,7.886742337263756e-296,0.0,41.886029888210324,nan,41.886029888210324,nan,nan,nan,nan,23,50
1,287,5.848627892929359e-298,0.0,1.322580235140402,nan,1.322580235140402,nan,nan,nan,nan,23,55
1,288,4.3372087951105774e-300,0.0,5.283890925101345,nan,5.283890925101345,nan,nan,nan,nan,0,0
